<?xml version='1.0' encoding='utf-8'?>
<!DOCTYPE hibernate-configuration PUBLIC
        "-//Hibernate/Hibernate Configuration DTD 3.0//EN"
        "http://hibernate.sourceforge.net/hibernate-configuration-3.0.dtd">

<hibernate-configuration>

	<session-factory>

		<!-- Database connection settings for Oracle <property name="connection.driver_class">oracle.jdbc.driver.OracleDriver</property> 
			<property name="connection.url">jdbc:oracle:thin:@10.122.130.40:1521:server01</property> 
			<property name="connection.username">cts</property> <property name="connection.password">password-1</property> -->
		<!-- Database connection settings for MySQL -->
		<property name="connection.driver_class">com.mysql.jdbc.Driver</property>
		<property name="connection.url">jdbc:mysql://localhost:3306/hibernate</property>
		<property name="connection.username">root</property>
		<property name="connection.password">password</property>
		<!-- JDBC connection pool (use the built-in) -->
		<property name="connection.pool_size">1</property>

		<!-- SQL dialect -->
		<property name="dialect">org.hibernate.dialect.MySQL5Dialect</property>

		<!-- Enable Hibernate's automatic session context management -->
		<property name="current_session_context_class">thread</property>

		<!-- Disable the second-level cache -->
		<property name="cache.provider_class">org.hibernate.cache.NoCacheProvider</property>

		<!-- Echo all executed SQL to stdout -->
		<property name="show_sql">true</property>

		<!-- Drop and re-create the database schema on startup -->
		<property name="hbm2ddl.auto">create</property>

		<!-- <mapping resource="com//entity/emp.hbm.xml"/> -->
		
		<mapping class="com.hcl.entity.Center" />
		<mapping class="com.hcl.entity.Scholar" />
		<mapping class="com.hcl.entity.Faculty" />
		<mapping class="com.hcl.entity.Course" />
		
		
	</session-factory>

</hibernate-configuration>
